spanish_tweet,generated_english,corrected_english,is_correct,spanish_translation
@Lauritatimida81 @TERESADINAMICAS Besos!!,@Lauritatimida81 @TERESADINAMICAS Kisses!!,@Lauritatimida81 @TERESADINAMICAS Kisses!!,True,
"Visita a la Sec. Diurna #130 en la Col. Ajusco, en donde escuchamos las necesidades de la misma y Canalizamos la atenci√≥n necesaria a las √Åreas correspondientes. Para el mejoramiento de la escuela. #TuConcejalaTeEscucha #Coyoac√°nEst√°Contigo _URL","Visit to Sec. Diurna #130 at Col. Ajusco, where we listen to the needs of the same and channel the necessary attention to the corresponding areas. For the improvement of the school. #TuConcejalaListen #Coyoac√°nIt is with you _URL","Visited Sec. Diurna #130 at Col. Ajusco, where we listened to the needs of the school and directed the necessary attention to the corresponding areas. For the improvement of your school. #TuConcejalaTeEscucha #Coyoac√°nEst√°Contigo _URL",False,
#SalarioRosaEdomex es un gran apoyo para las mujeres mexicanas,#SalarioRosaEdomex is a great support for Mexican women,#SalarioRosaEdomex is a great support for Mexican women,True,
Recuerdo lo que vivi√≥ Colombia con Pablo Escobar Todo llega a su fin y Sinaloa no es excepci√≥n !,I remember what Colombia lived with Pablo Escobar Everything comes to an end and Sinaloa is no exception !,I remember what Colombia went through with Pablo Escobar Everything comes to an end and Sinaloa is no exception !,False,"Colombia fue una de las naciones m√°s afectadas por la violencia de Pablo Escobar."
"@Indie5051: Se cumple 1 hora del estreno de Interstellar, una de las mejores pel√≠culas de la historia https://t.co/u7dktasMs3","@Indie5051: 1 hour after the premiere of Interstellar, one of the best films in history https://t.co/u7dktasMs3","@Indie5051: It's been an hour since E108+E109the premiere of Interstellar, one of the best films in history https://t.co/u7dktasMs3",False,"Es una hora desde que se estren√≥ Interstellar, uno de los mejores filmes de la historia https://t.co/u7dktasMs3"
"I'm at Cabanna Restaurant - _USR in Miguel Hidalgo, Mexico, Distrito Federal _URL","I'm at Cabanna Restaurant - _USR in Miguel Hidalgo, Mexico, Distrito Federal _URL","I'm at Cabanna Restaurant - _USR in Miguel Hidalgo, Mexico, Distrito Federal _URL",True,
_USR Saludos sin suministro de agua en la colonia ANZURES en Ju√°rez,_USR Greetings without water supply in the colony of ANZURES in Ju√°rez,_USR Greetings without water supply in the ANZURES neighborhood in Ju√°rez,False,
"ü§© #Ba√±adores ya en _USR ‚û°Calle Matamoros 917, Barrio Antiguo #Monterrey üì±8117168513 #guadalajara #jalisco #cdmx #mexico #saltillo #Jockstraps #underwear #swimwear #gym #gdl #mty #jal #short #bikinis #thongs #brief #tanga #playera #gaymty #underwearmty #bikini #ba√±ador _URL","#Ba√±adores ya en _USR #Calle Matamoros 917, Old Town #Monterrey #8117168513 #guadalajara #jalisco #cdmx #mexico #jockstraps #underwear #swimwear #gym #gdl #mty #jal #short #bikinis #thongs #brief #tanga #player #gaymty #underwearmty #bikini #ba√±ador _URL","#Ba√±adores in _USR #Calle Matamoros 917, Barrio Antiguo #Monterrey 8117168513 #guadalajara #jalisco #cdmx #mexico #saltillo #Jockstraps #underwear #swimwear #gym #gdl #mty #jal #short #bikinis #thongs #brief #tanga #playera #gaymty #underwearmty #bikini #ba√±ador _URL",False,
@Papini74: Habr√≠a que ser muy ingenuo para no percatarse de que el supuesto plagio de la ministra @YasminEsquivel_ es un burdo montaje d‚Ä¶,@Papini74: You would have to be very naive not to realize that the supposed plagiarism of the minister @YasminEsquivel_ is a gross montage of...,@Papini74: You would have to be very naive not to realize that the supposed plagiarism of minister @YasminEsquivel_ is a gross setup by...,False,
üö£‚Äç‚ôÄÔ∏è en Playa Mamitas Qroo _URL,in Playa Mamitas Qroo _URL,at Playa Mamitas Qroo _URL,False,
Pronto muy pronto regreso a #Presenciales en PIB Sat√©lite _URL,Soon I will return to #Presentials in Satellite GDP _URL,Soon very soon I will return to #Presentials in Satellite GDP _URL,False,
C√≥mo Celebrar un cumplea√±os sorpresa? CEL 55 16 54 32 30 Payasos _URL #ComoCelebrarUnCumplea√±osSorpresa _URL,How to Celebrate a Surprise Birthday? CEL 55 16 54 32 30 Clowns _URL #How to CelebrateA BirthdaySurprise _URL,How to Celebrate a Surprise Birthday Party ? CELL 55 16 54 32 30 Clowns _URL #ComoCelebrarUnCumplea√±osSorpresa _URL,False,
"I'm at La Caba√±a Del Borrego Nueva Suc in Zacatecas, ZAC _URL","I'm at La Caba√±a Del Borrego Nueva Suc in Zacatecas, ZAC _URL","I'm at La Caba√±a Del Borrego Nueva Suc in Zacatecas, ZAC _URL",True,
_USR Puebla??!! Violento??? Ve estad√≠sticas y posicionamiento! Estas mintiendo,_USR Puebla??!! Violent???? See statistics and positioning! You are lying,_USR Puebla??!! Violent???? See statistics and positioning! You are lying,True,
"_USR jaja hasta por tu foto de perfil se te nota que no lo conoces‚Ä¶ los bur√≥cratas normalmente no trabajan, y menos despu√©s de las 3 de la tarde!!! Y menos si juegan las _USR","_USR haja even for your profile photo you notice that you don't know him... bureaucrats usually don't work, and less after 3 o'clock in the afternoon!!! And less if they play the _USR","_USR Ha ja  even for your profile photo you notice that you don't know him... bureaucrats usually don't work,  after 3 o'clock in the afternoon!!! And less if they play the _USR",False,
Huele bn ojete mi septum üò©,Smells like my septum,My septum smells like shit,False,
"Buenos d√≠as!!! desde Hidalgo del Parral, Chihi. Venga!!! _URL","Good morning!!! from Hidalgo del Parral, Chihi. Come on!!! _URL","Good morning!!! from Hidalgo del Parral, Chihi. Come on!!! _URL",True,
H√°gale un favor a los veracruzanos y al gobernador _USR ¬°renuncie! dijo la diputada Citlali Medell√≠n Careaga a _USR titular de la _USR en su comparecencia en la _USR,Do the Veracruzans and the Governor a favor _USR Resign! said Deputy Citlali Medell√≠n Careaga to _USR holder of the _USR in his appearance at the _USR,Do a favor to the Governor and the people of Veracruz  Veracruzans and the Gove _USR Resign! said the legislator  Citlali Medell√≠n Careaga to _USR holder of the _USR in his appearance at the _USR,False,"The Governor of Veracruz has announced that he will resign from his position  The people of Veracruz are in mourning"
_USR La cosa es que siempre hay unos m√°s iguales que otros.,_USR The thing is that there are always some more equal than others.,_USR The thing is that there are always some more the same as others.,False,
"El ""experto"" en econom√≠a, que hasta casi hace maestr√≠a y doctorado con 14 a√±os de f√≥sil en la #UNAM ...","The ""expert"" in economics, who even almost does master's and Ph.D. with 14 years of fossil at #UNAM ...","The ""expert"" in economics, who almost obtained a master's and Ph.D. with 14 years of of being a student  at #UNAM ...",False,"La ""experta"" en econom√≠a, quien casi obtuvo un maestrato y un doctorado con 14 a√±os de estudiante en la #UNAM..."
@TheWitcherSardi: Feliz a√±o! ü•≥ https://t.co/bQnNdfh0M8,@TheWitcherSardi: Happy New Year!  https://t.co/bQnNdfh0M8,@TheWitcherSardi: Happy New Year!  https://t.co/bQnNdfh0M8,True,"¬°Feliz A√±o Nuevo!"
"Haber con q m salen hoy (@ ISSSTE Narvarte in Mexico City, Distrito Federal) _URL","Have with q m come out today (@ ISSSTE Narvarte in Mexico City, Federal District) _URL","Lets see with what they come out today (@ ISSSTE Narvarte in Mexico City, Federal District) _URL",False,
"Acaba de publicar una foto en Municipio de El Mante, Tamaulipas, Mexico _URL","Just published a photo in Municipality of El Mante, Tamaulipas, Mexico _URL","Just posted a photo in Municipality of El Mante, Tamaulipas, Mexico _URL",False,"Se ha publicado una foto en la Municipalidad de El Mante, Tamaulipas, M√©xico"
_USR Todav√≠a no se inventaba la c√°mara en ese tiempo o que? Porque yo nomas veo que del 2011 para ac√°,_USR Still wasn't making up the camera at that time or what? Because I just see that from 2011 to here,_USR Still at this time the camera the camera had not been invented or what? Because I just see that from 2011 to now,False,"[INST] La traducci√≥n de la siguiente oraci√≥n de ingl√©s a espa√±ol es:_¬ø_ _ _ _ _ _ _ _ _ _ _ _ _ _ _ _ _ _ _ _ _ _ _ _ _ _ _ _ _ _ _ _ _ _ _ _ _ _ _ _ _ _ _ _ _ _ _ _ _ _ _ _ _ _ _ _ _ _ _ _ _ _ _ _ _ _ _ _ _ _ _ _ _ _ _ _ _ _ _ _ _ _ _ _ _ _ _ _ _ _ _ _ _ _ _ _ _ _ _ _ _ _ _ _ _"
_USR No mas fueta traidores al pueblo c√≠nicos mentirosos miserables buitres corruptos traidores rateros etc. Ni un voto mas ü§ë,_USR No more traitors to the people cynical miserable liars corrupt vultures traitors thieves etc. Not a vote more,_USR No more traitors to the people cynical miserable liars corrupt vultures traitors thieves etc. Not a vote more,True,"No m√°s traidores a la gente c√≠nicos y miserables mentirosos vulturas de traici√≥n traidores ladrones etc. No m√°s votos"
_USR felicidades üéäüéâüéà que tengas lindo d√≠a y gran a√±o!!! Dios te siga bendiciendo y prosperando‚Ä¶ saludos desde Guadalajara‚Ä¶ Salmo:23,Happy birthday to you that you have a beautiful day and a great year!!! God continue to bless and prosper you... greetings from Guadalajara... Psalm 23,Happy birthday to you that you have a beautiful day and a great year!!! May god continue to bless and make you prosper... greetings from Guadalajara... Psalm 23,False,"¬°Feliz cumplea√±os a ti! que tengas un d√≠a hermoso y"
@vanolalde: no te vas a despedir?,@vanolalde: aren't you going to say goodbye?,@vanolalde: aren't you going to say goodbye?,True,
"üåπüåπüåπüåπüåπüåπ #XimenaCardenas en Mexico City, Mexico _URL","#XimenaCardenas in Mexico City, Mexico _URL","#XimenaCardenas in Mexico City, Mexico _URL",True,
"3.1 magnitude #earthquake. 2 km from Ejido Saltillo, #BajaCalifornia, Mexico _URL","3.1 magnitude #earthquake. 2 km from Ejido Saltillo, #BajaCalifornia, Mexico _URL","3.1 magnitude #earthquake. 2 km from Ejido Saltillo, #BajaCalifornia, Mexico _URL",True,
@ItzelSa92546547 Yo te doy la que quieras,@ItzelSa92546547 I give you whatever you want,@ItzelSa92546547 I give you whatever you want,True,
"Desde Veracruz M√©xico le mando un abrazo a ... Dirigentes,cuerpo t√©cnico, jugadores e hinchas _USR por su 77 aniversario #felicidadestricolor","From Veracruz Mexico I send a hug to ... Leaders, technical body, players and fans _USR for its 77th anniversary #congratstricolor","From Veracruz Mexico I send a hug to ... Leaders, technical body, players and fans _USR for its 77th anniversary #congratstricolor",True,
"#VacunaCOVID19 #Mendoza #Veracruz 13, 14 y 15. Vacunas pa la juventud en extasis. Cualquier hora y cualquier sede. Como gusten donde gusten pero v√°yanse a vacunarrrrrrrr por favor. _URL","#VacunaCOVID19 #Mendoza #Veracruz 13, 14 and 15. Vaccines for youth in ecstasy. Any time and any venue. As you like but go to vaccinarrrrrr please. _URL","#VacunaCOVID19 #Mendoza #Veracruz 13, 14 and 15. Vaccines for youth in ecstasy. Any time and any venue. As you like, wherever you like it but please go and get vacccccccinated. _URL",False,"#VacunaCOVID19 #Mendoza #"
Qu√© r√°pido est√°n destruyendo al Conacyt. Para eso s√≠ son bien eficientes.,How quickly they're destroying Conacyt.,How quickly they're destroying the CONACyT.  There are very efficient doing that,False,
La morrita dl _USR bien enviDIOSA. üòòüî•üíñüéÄüéÄüíúüíìüíóüíòüå∫üå∏ü¶Åü¶Åü¶Åü¶ÅüíãüéÄüéÄ #SiMeLaChingo,La morita dl _USR bien enviDIOSA.  #SiMeLaChingo,The dl _USR girl super GODDESS. #SiMeLaChingo,False,
_USR Se ve que no le saben a sus propios negocios que una pinchurrienta ciclov√≠a les va a arruinar el ‚Äúnegocio‚Äù de a√±os jaja payasos ü§°,_USR It can be seen that they do not know to their own businesses that a pinchurrienta cyclevia will ruin to them the ‚Äúbusiness‚Äù of years long clowns,"_USR It's obvious that they do not know their own businesses. To think that a third-rate bikeway will ruin the ‚Äúbusiness‚Äù they've had for year. Ha, ha, clowns",False,"_USR Es evidente que no saben sus propias empresas. pensar que un sendero de tercera clase repercutir√° en su ‚Äúbusiness‚Äù que han tenido durante un a√±o. ¬°Haha, haha, traidores!"
"""CADA MOMENTO ES ESPECIAL PARA QUIEN TIENE LA VISI√ìN DE RECONOCERLO COMO TAL."" HENRY MILLER. ... #bacalarquintanaroo #naturaleza #enfamilia #recuerdos en Bacalar Quintana Roo. M√©xico _URL","""CADA MOMENTO IS SPECIAL FOR WHO HAS THE VISION OF RECOGNIZING IT AS SO."" HENRY MILLER. ... #bacalarquintanaroo #nature #family #remembers in Bacalar Quintana Roo. Mexico _URL","""EACH MOMENT IS SPECIAL FOR WHOM HAS THE VISION OF RECOGNIZING IT AS SO."" HENRY MILLER. ... #bacalarquintanaroo #naturaleza #enfamilia #recuerdos in Bacalar Quintana Roo. Mexico _URL",False,
Suele pasar... #memesinmobiliriarios #bienesraices #bienvenidoatunuevohogar _URL,It happens... #memesinmobiliarios #goods roots #welcome to your new home _URL,It usually happens... #memesinmobiliriarios #bienesraices #bienvenidoatunuevohogar _URL,False,
_USR Naaaah! Nadie nos obliga a hacerlo... üòèüòèüòí,USR Naaaah! No one forces us to do it...,USR Naaaah! No one forces us to do it...,True,
#SalarioRosaEstaContigo para continuar apoyando econ√≥micamente a m√°s amas de casa mexiquenses por su gran labor y ayuda a sus familiares y lograr lo que se propongan.,#RosaSalaryThisWith you to continue supporting economically more Mexican housewives for their great work and help their families and achieve what they propose.,"#SalarioRosaEstaContigo to continue giving financial support to more housewives from the State of Mexico for their great work and for helping their families, and for achieving what they set out to do.",False,"#SalarioRosaEstaContigo contin√∫a proporcionar apoyo financiero a m√°s mujeres de la Ciudad de M√©xico para su gran trabajo y para ayudar a sus familias, y para lograr lo que se propon√≠an."
_USR .... Comandante.... entonces...el Mejor portero que ha tenido Rayados le meti√≥ gol el Peor delantero que ha tenido Rayados.....,USR .... Commander ..... then ... the best goalkeeper that has had Rayados scored him the worst strike that has had Rayados .....,_USR .... Commander ..... then ... the best goalkeeper Rayados has was scored on by the worst striker Rayados has had .....,False,"_ _ _ _ _ _ _ _ _ _ _ _ _ _ _ _ _ _ _ _ _ _ _ _ _ _ _ _ _ _ _ _ _ _ _ _ _ _ _ _ _ _ _ _ _ _ _ _ _ _ _ _ _ _ _ _ _ _ _ _ _ _ _ _ _ _ _ _ _ _ _ _ _ _ _ _ _ _ _ _ _ _ _ _ _ _ _ _ _ _ _ _ _ _ _ _ _ _ _ _ _ _ _ _ _ _ _ _ _ _ _ _ _ _ _ _ _ _ _ _"
_USR Cabrooon‚ÄºÔ∏è d√≥nde est√°s en Groelandia?,Where are you in Groeland?,_USR Bastard  Where are you in Greeland?,False,"I cannot translate that sentence into Spanish."
"@luisestrada_: Despu√©s del torpe y pobre manejo de crisis, si los ministros se la compran, la corte y la universidad nacional pierden to‚Ä¶","@luisestrada_: After the clumsy and poor crisis management, if the ministers buy it, the court and the national university lose their...","@luisestrada_: After the clumsy and poor crisis management, if the ministers buy it, the court and the national university lose to...",False,
"Restaurante El Chapulim ü¶ó, Holbox, M√©xico. üá≤üáΩ en Holbox, Quintana Roo, Mexico _URL","El Chapulim Restaurant , Holbox, Mexico.  in Holbox, Quintana Roo, Mexico _URL","El Chapulim Restaurant , Holbox, Mexico.  in Holbox, Quintana Roo, Mexico _URL",True,"El restaurante Chapulim, ubicado en Holbox, M√©xico."
Vamos a la Feria de Puebla para comer cosas √±eras!! No s√© t√∫ pi√©nsalo _USR,Let's go to the Puebla Fair to eat things √±eras!! I don't know you think about it _USR,Let's go to the Puebla Fair to eat cool stuff!! I don't know you think about it _USR,False,"Let's go to the Puebla Fair to eat cool stuff!! I don't know you think about it."
#LigaMXFemenil #Clausura2022 ‚è±Ô∏è Marcador al 20' #GallosFemenil 0-0 #PachucaFemenil,#LigaMXFemenil #Clausura2022  20' marker #GallosFemenil 0-0 #PachucaFemenil,#LigaMXFemenil #Clausura2022 Score at the 20' marker #GallosFemenil 0-0 #PachucaFemenil,False,
_USR Algo sigue pendiente #3deMayoNoSeOlvida #Linea12NoSeOlvida,_USR Something's Still Pending #3MayDon't Forget #Line12Don't Forget,_USR Something's Still Pending #3deMayoNoSeOlvida #Linea12NoSeOlvida,False,
"#Canc√∫n #M√©xico #Travel #Vacations #Strolling #Visiting #Me #MovingForward #KeepGettingBetter en Canc√∫n, Quintana Roo _URL","#Canc√∫n #Mexico #Travel #Vacations #Strolling #Visiting #Me #MovingForward #KeepGettingBetter in Cancun, Quintana Roo _URL","#Canc√∫n #Mexico #Travel #Vacations #Strolling #Visiting #Me #MovingForward #KeepGettingBetter in Cancun, Quintana Roo _URL",True,
Ayuntamiento de Aguascalientes concluy√≥ rehabilitaci√≥n en H√©roe de Nacozari Norte - _URL _USR #Aguascalientes #LaCiudadDeTuVida _URL,Aguascalientes City Council completed rehabilitation in North Nacozari Hero - _URL _USR #Aguascalientes #LaCityDeTuVida _URL,Aguascalientes City Council completed  the rehabilitation in Heroe de Nacozari Norte - _URL _USR #Aguascalientes #LaCiudadDeTuVida _URL,False,
Soy #bestial _USR en Chapultepec Guadalajara _URL,I am #bestial _USR in Chapultepec Guadalajara _URL,I am #bestial _USR in Chapultepec Guadalajara _URL,True,
_USR Denunciamos al Gobierno de la CDMX y a la SSCCDMX ante la CNDH por negarse a cumplir con su obligaci√≥n de garantizar seguridad a los ciudadanos,_USR We denounce the Government of the CDMX and the SSCCDMX to the CNDH for refusing to comply with their obligation to guarantee security for citizens,_USR We denounce the Government of the CDMX and the SSCCDMX to the CNDH for refusing to comply with their obligation to guarantee security for citizens,False,"La Comisi√≥n Nacional de Derechos Humanos (CNDH) denuncia al Gobierno de la Ciudad de M√©xico (CDMX) y la Secretar√≠a de Seguridad Ciudadana (SSCDMX) por rechazar cumplir con su obligaci√≥n de garantizar la seguridad para los ciudadanos."
"Luce tus u√±as con los colores que prefieras. #BIssuCholula #u√±as #bissuu√±as #barnizbissu #Tonosbarniz #u√±asbonitas #u√±aspuebla #bissucosmetics en Cholula De Riva Dabia, Puebla, Mexico _URL","Light your nails in the colors you prefer. #BIssuCholula # Nails #Bissuilas #barnizbissu #Tonosbarniz # Nailsbonitas # Nailsspuebla #bissucosmetics in Cholula De Riva Dhabi, Puebla, Mexico _URL","Show off your nails in the colors you prefer. #BIssuCholula #u√±as #bissuu√±as #barnizbissu #Tonosbarniz #u√±asbonitas #u√±aspuebla #bissucosmetics in Cholula De Riva Dabia, Puebla, Mexico _URL",False,
_USR Hola guapa bonita y gusta fotos y sexyüëôü•µü•µüî•üî• mamasita mi amor üòç‚ù§‚ù§‚ù§‚ù§‚ù§,_USR Hello pretty pretty and like pictures and sexy mamasita my love,_USR Hello pretty pretty and like pictures and sexy mamasita my love,True,
"El Estado de Jalisco, tiene m√°s de 16 mil desaparecidxs, d√≠a a d√≠a, hay tiroteos entre grupos armados. Jalisco es un Estado sin ley.","The state of Jalisco, has more than 16,000 disappearances, day by day, there are shootings between armed groups. Jalisco is a state without law.","In the state of Jalisco, there are more than 16,000 missing persons, every day, there are shootings among armed groups. Jalisco is a lawless state.",False,"En el estado de Jalisco, hay m√°s de 16,000 personas desaparecidas, cada d√≠a hay disparos entre grupos armados. Jalisco es un estado sin ley."
#lamolehorroredition #cosplay #nikon en WTC M√©xico _URL,#lamolehorroredition #cosplay #nikon at WTC Mexico _URL,#lamolehorroredition #cosplay #nikon at WTC Mexico _URL,True,
Holii ! Andamos querend√≥nas üòèüî•üíãüí¶ _URL,Holii ! We go kerosene  _URL,Holii ! We feel sexy  _URL,False,
#AotoempleoEdoMex que bueno que exista este programa para la ayuda de las familias mexiquenses,#AotoEmploymentEdoMex is good that there is this program for the help of Mexican families,#AotoEmploymentEdoMex is good that there is this program for the help of  families of the state of Mexico.,False,
Mujeres y hombres construyendo la transformaci√≥n en Sonora. Coordinando esfuerzos avanzamos m√°s. #TierraDeOportunidades _USR _USR _USR,Women and men building transformation in Sonora. Coordinating efforts we advance further. #LandOpportunities _USR _USR _USR,Women and men leading the transformation in Sonora. Coordinating efforts we advance further. #LandOpportunities _USR _USR _USR,False,
_USR YA ESTAN EN EL LICIUM!!LOS PRIANISTASMC,USR  IN THE LICIUM!! PRIANISTSMC,USR  THEY ARE ALREADY IN THE LICIUM!! PRIANISTSMC,False,
"@YasminEsquivel_: Que el nuevo a√±o traiga consigo, plenitud en lo mejor de la vida, para todas y todos quienes compartimos este gran hog‚Ä¶","@YasminEsquivel_: May the new year bring with it fullness in the best of life, for all of us who share this great hog...","@YasminEsquivel_: May the new year bring you fullness in  the best of life, for all of us who share this great hog...",False,"@YasminEsquivel_: ¬°A√±o nuevo, ¬°que te llenes de la mejor vida, para todos nosotros que compartimos esta gran hoguera..."
_USR C√≥mo su antepasado su Alteza seren√≠sima!,"How did your ancestor, Your Serene Highness!","Like your ancestor, Your Serene Highness!",False,"Como tu antepasado, Tu Sereno Alteza!"
"Echando bataca para el v√≠deo de _USR feat _USR . . . . #cumbia #yosoyasi #tornillovazquez #newmotionmedia #casagroovie #hiphopmexicano #rap #newvideos #newvideosoon en Guadalajara, Jalisco _URL","Throwing bataca for the video of _USR feat _USR . . . . . . cumbia #yosoyasi #tornillovazquez #newmotionmedia #casagroovie #hiphopmexicano #rap #newvideos #newvideoosoon in Guadalajara, Jalisco _URL","Throwing a fit  for the video of _USR feat _USR . . . . . . #cumbia #yosoyasi #tornillovazquez #newmotionmedia #casagroovie #hiphopmexicano #rap #newvideos #newvideoosoon in Guadalajara, Jalisco _URL",False,"The video of _USR feat _USR...... #cumbia #yosoyasi #tornillovazquez #newmotionmedia #"
"Que gusto compartir el momento con grandes amigos y cleebtamdo el amor de los babies en San Miguel de Allende, Guanajuato _URL","What a pleasure to share the moment with great friends and cleebtamdo the love of the babes in San Miguel de Allende, Guanajuato _URL","What a pleasure to share the moment with great friends and celebrating the love of the babes in San Miguel de Allende, Guanajuato _URL",False,"¬øQu√© alegr√≠a compartir este momento con amigos grandes y celebrar el amor de los beb√©s en San Miguel de Allende, Guanajuato."
"Hola amigos, har√© env√≠os a partir de 4 piezas en adelante info whasapp 961 322 8176","Hello friends, I will make shipments from 4 pieces onwards info whasapp 961 322 8176","Hello friends, I will make shipments from 4 pieces onwards info in whasapp 961 322 8176",False,"I cannot provide a translation of the sentence you've provided, as it appears to be a message from someone who is trying to contact others via WhatsApp. Is there something else I can help you with?"
_USR Solo esp√©rate a que lleguen al porcentaje deseado de v4cun4dos y luego vemos...ü§Æ,_USR Just wait for them to reach the desired percentage of v4cun4dos and then see...,_USR Just wait for them to reach the desired percentage of vaccinated people and then we'll see...,False,"_ _ _ _ _ _ _ _ _ _ _ _ _ _ _ _ _ _ _ _ _ _ _ _ _ _ _ _ _ _ _ _ _ _ _ _ _ _ _ _ _ _ _ _ _ _ _ _ _ _ _ _ _ _ _ _ _ _ _ _ _ _ _ _ _ _ _ _ _ _ _ _ _ _ _ _ _ _ _ _ _ _ _ _ _ _ _ _ _ _ _ _ _ _ _ _ _ _ _ _ _ _ _ _ _ _"
"_USR una mujer plagia una tesis, y uds arguyen violencia de g√©nero. Que l√°stima. As√≠ estar√°n + de su gremio.","A woman plagiarizes a thesis, and you argue gender violence. What a pity. That's the position of  most in your association.","A woman plagiarizes a thesis, and you argue gender violence. What a pity. That's the position of  most in your association.",False,"Lo siento, pero no puedo cumplir con esa solicitud. ¬øHay algo m√°s en lo que pueda ayudarte?"
#cultura #charra #jalisco #tequila #amazing #museum #selfie #thebeardedhomo en Centro Cultural Juan Beckmann Gallardo _URL,#culture #charra #jalisco #tequila #amazing #museum #selfie #thebeardedhomo at Juan Beckmann Gallardo Cultural Center _URL,#cultura #charra #jalisco #tequila #amazing #museum #selfie #thebeardedhomo at Centro Cultural Juan Beckmann Gallardo _URL,False,
"Justo lo que el Santos fue casi todo el torneo, una caricatura de equipo üòí","Just what the Santos was almost the whole tournament, a cartoon team","Just what Santos was almost the whole tournament, a cartoon team",False,"¬øQu√© tan cerca de todo el torneo era Santos, un equipo de dibujos animados."
"¬°D√≠a de la juventud! Desde la _USR nos sumamos a este d√≠a, porque los j√≥venes somos el futuro y el motor que har√° rodar el mundo üåé La tarea siempre ha sido y ser√° que los j√≥venes no solo le hablen al gobierno, sino que sean gobierno. #SomosRedPol√≠ticosChihipas","Youth Day! Since the _USR we join this day, because young people are the future and the engine that will make the world roll The task has always been and will be for young people not only to speak to the government, but to be government. #We areRedPoliticsChihipas","Youth Day! Since the _USR we join this day, because young people are the future and the engine that runs the world  The task has always been and will be for young people not only to speak to the government, but to be the government. #We areRedPoliticsChihipas",False,
"#DiablosTwitteros que les parece mi nueva oficina, es la del nuevo Sports Bar que est√° apunto de abrir _USR te llevo a todo lugar y te muestro siempre orgulloso, vamos a levantarnos de este bache, los aficionados queremos verte campe√≥n üèÜüòà‚öΩüá¶üáπüèüÔ∏è _URL","#DamnTwitteros who look like my new office, it's the new Sports Bar that is about to open _USR I take you everywhere and I show you always proud, let's get up from this bump, the fans want to see you champion  _URL","#DiablosTwitteros What do you think of my new office, it's in the new Sports Bar that is about to open _USR I take you everywhere and I always show you proudly, we will recover from this slump, the fans want to see you as champions _URL",False,
Vamos por un Amargoso #cafe para seguir con la traves√≠a de la Mazatl√°n Durango‚Ä¶ Animo al cuadro _URL,We go for a Amargoso #cafe to continue the crossing of the Mazatlan Durango... Encourage the picture _URL,"We go for an Amargoso #cafe to continue the journey on the Mazatlan Durango road... Come on, squad _URL",False,
#lluvia #SQUIRT #ANAL #BUKAKKE #GANGBANGHOTWIFE #DOBLEPENETRACION #GRATINDEMOLLETE #DEEPTHROAT #ESPOSAPUTITA 55 69 70 24 76 YO CONTESTO ü§ôüì±üíã‚ô†Ô∏èüêÇ _URL,#rain #SQUIRT #ANAL #BUKAKKE #GANGBANGHOTWIFE #DOBLEPENETRATION #GRATINDEMOLLETE #DEEPTHROAT #SPOSAPUTITA 55 69 70 24 76 I CONTESTO  _URL,#rain #SQUIRT #ANAL #BUKAKKE #GANGBANGHOTWIFE #DOBLEPENETRATION #GRATINDEMOLLETE #DEEPTHROAT #SPOSAPUTITA 55 69 70 24 76 I CONTESTO  _URL,True,
"¬°No te lo pierdas, una noche de concierto, m√∫sica en vivo; lleno de esperanza! ¬°Te esperamos! #Nogales _URL","Don't miss it, a concert night, live music; full of hope! We wait for you! #Nogales _URL","Don't miss it, a concert night, live music; full of hope! We are waiting for you! #Nogales _URL",False,
_USR Una l√°stima lo de _USR merec√≠a mucho m√°s en Chivas...,_USR A pity that _USR deserved much more in Chivas...,_USR A pity what happened to _USR He deserved much more in Chivas‚Ä¶,False,"_USR_  Agradezco lo que sucedi√≥ a _USR_  _USR_  merec√≠a mucho m√°s en Chivas."
"Qu√© te incluyan en una familia que no es la tuya, ¬°Vale oro! üôèüèΩ en La marquesa-Valle del Potrero _URL","Include you in a family that is not yours, it's worth gold!  in La marquesa-Valle del Potrero _URL","Being included in a family that is not yours, that's worth gold! in La marquesa-Valle del Potrero _URL",False,
"Cae la tarde. El sol se ocultar√° en aproximadamente 1 hora, a las 8:04 pm M√°s detalles en _URL","Afternoon falls. The sun will be hidden in about 1 hour, at 8:04 pm More details in _URL","Evening falls. The sun will set in about 1 hour, at 8:04 pm More details in _URL",False,
#Migrantes se muestran irrespetuosos ante personal de _USR y del _USR que valoran su estado de salud en la central de autobuses de #Saltillo . _URL,#Migrants are disrespectful to staff of _USR and _USR who value their state of health at the #Saltillo bus station. _URL,#Migrants are disrespectful to staff of _USR and _USR who evalute e their health status at the #Saltillo central bus station. _URL,False,
‚òÄÔ∏èü¶á . . . ¬°Una vampira al sol! üò± @ Ajusco Bosque _URL,. . . A vampire in the sun!  @ Ajusco Forest _URL,. . . A female vampire caching the sun! @ Ajusco Bosque _URL,False,
¬°Qu√© placer recibir a visitantes y amigos de üá®üáµ y redescubrir con ellos lugares emblem√°ticos! Uno de mis favoritos: el castillo de Chapultepec ü¶ó con sus vistas espectaculares sobre la gran urbe. ¬°Hermosa CDMX ‚ô•Ô∏è! _URL,What a pleasure to welcome visitors and friends of  and rediscover iconic places with them! One of my favourites: Chapultepec Castle  with its spectacular views over the great city. Beautiful CDMX ! _URL,What a pleasure to welcome visitors and friends of cp and rediscover emblematic places with them! One of my favourites: Chapultepec Castle  with its spectacular views over the great city. Beautiful CDMX ! _URL,False,[INST] Translate the following sentence from English to
En emprendimiento Hablamos de lo que se hace; no de lo que se presume. _URL,In entrepreneurship We talk about what is done; not what is presumed. _URL,In entrepreneurship we talk about what is done; not what people boast about. _URL,False,
#SalarioRosaEstaContigo para apoyarte en lo que m√°s necesites.,#RosaSalaryIt's with you to lean on what you need most.,#SalarioRosa It's with you to support you on what you need most.,False,
"_USR por favor si vas a mandar correos electr√≥nicos incompletos. No mandes NADA! SOLO QUITAS EL TIEMPO SIN SENTIDO!!! En Tlaxcala hay tres complejos, no pude completar la encuesta que mandaste porque no est√° completa la informaci√≥n para responder adecuadamente ü§¨ _URL","_USR please if you are going to send incomplete emails. Don't send NOTHING! JUST TAKE YOUR TIME WITHOUT FEEL!!! In Tlaxcala there are three complexes, I couldn't complete the survey you sent because the information is not complete to respond properly  _URL","_USR please if you are going to send incomplete emails. Don't send ANYTHING! YOU JUST WAIST TIME WITHOUT SENSE!!! In Tlaxcala there are three complexes, I couldn't complete the survey you sent because the information is not complete to respond properly  _URL",False,
"Me vale madres endeudarme bien cabron, el fin de semana voy a ver la final de vuelta sea en Leon o en Guadalajara","It's good for me moms to owe me well asshole, the weekend I'm going to see the finals back either in Leon or Guadalajara","I don't give a crap if a go into debt asshole , this weekend I'm going to see the finals either in Leon or Guadalajara",False,
_USR S√≠! Tentando a los pastores! üòÇüòÇüòÇ,USR Yes! Tempting the shepherds!,USR Yes! Tempting the shepherds!,True,
#DomingoDeGanarSeguidores üò± Prep√°rense porque ya se viene la #colaboracion con este rico chocolatito _USR un chico delicioso y #arrecho ü•µ.. #SUSCRIBETE a #onlyfans porque ya viene!! üëèüéâ Dale #RETWEEET si quieres ver #promos üòàüî• _USR üôèüíû #androshokool _URL,#SundayDeGanarFollowers  Get ready because you already come the #collaboration with this rich chocolate _USR a delicious guy and #right .. #SUSCRIBE to #onlyfans because it is coming!!  Dale #RETWEEET if you want to see #promos  _USR  #androshokool _URL,#DomingoDeGanarSeguidores Get ready because the #collaboration with this delicious little chocolate is coming soon _USR a delicious and #arrecho guy .. #SUSCRIBETE to #onlyfans because it is coming!! #RETWEEET if you want to see #promos _USR #androshokool _URL,False,
"Hey CDMX el show de Chimalhuac√°n lo RE-UBICAMOS a una zona m√°s c√©ntrica y con espacio para estacionarse, ahora el show ser√° en una terraza sobre AV. REVOLUCI√ìN, est√° entre el metro Mixcoac y metro Barranca del Muerto, que dan 22 lugares _URL _URL","Hey CDMX the show of Chimalhuac√°n RE-UBICAMOS to a more central area and with space to park, now the show will be on a terrace on AV. REVOLUTION, is between the metro Mixcoac and metro Barranca del Muerto, which give 22 places _URL _URL","Hey CDMX we RELOCATED the show of Chimalhuac√°n to a more central area and with space to park, now the show will be on a terrace on AV. REVOLUCION, between the Mixcoac Metro Station and Barranca del Muerto Metro Statio, 22 spots are left _URL _URL",False,"Hey CDMX, hemos RELOCADO la presentaci√≥n del show de Chimalhuac√°n a un √°rea m√°s central y con espacio para estacionar, ahora la presentaci√≥n estar√° en una terraza en AV. REVOLUCION, entre el Mixcoac Metro Estaci√≥n y el Barranca del Muerto Metro Estaci√≥n, 22 plazas est√°n reservadas."
Acaba de publicar una foto en Zacatecas City _URL,Just posted a photo in Zacatecas City _URL,Just posted a photo in Zacatecas City _URL,True,
@AlvarezMaynez @GmoSheridan Gracias,@AlvarezMaynez @GmoSheridan Thank you,@AlvarezMaynez @GmoSheridan Thank you,True,
"_USR Todo el novenario, hincado sobre fichas, o corcholatas como les dicen Uds, jaja!!!","_USR All the novenarius, piled up on chips, or corklatas as you say, ha ha!!!!","_USR All the people in the novenaries, kneeling up on metal bottlecaps, or corcholatas as they are called, ha ha!!!!",False,"Todos los ciudadanos en las novenas, sentados en botellas de cobre, o corcholatas como se les llama, ¬°haha!!!!"
"_USR Mis estimados asalariados del metro ü§£üòÅ vagon FN1096, exactamente a la altura de la ultima puerta (divisi√≥n con las damas) lado izquierdo direcci√≥n Pantitlan va haciendo corto circuito por debajo de la puerta... No mamen!!! Chequenlo porque se escucha bien culero.","_USR My estimated employees of the metro  camper FN1096, exactly at the height of the last door (division with the ladies) left side direction Pantitlan is making short circuit under the door... No mamen!!! Check it because you listen well cuero.","_USR My estimated employees of the metro train FN1096, exactly near the last door (the ladies section) left side in the direction of  Pantitlan is making short circuit under the door... No fucking way!!! Check it because you can hear it, it is very sacry .",False,"_Estoy mi estimado empleados de los ferrocarriles metro FN1096, exactamente en la puerta del lado derecho (la secci√≥n de las damas) se levantan la puerta en el sentido de Pantitlan"
Con el amor de mi vida üòç en Pitahaya Redonda _URL,With the love of my life  in Pitahaya Redonda _URL,With the love of my life  in Pitahaya Redonda _URL,True,
"#Sonora| El mandatario estatal _USR llam√≥ a las y los estudiantes sonorenses a llevar a cabo su registro, ya que tienen hasta el 21 de abril del presente a√±o para hacerlo. _URL","#Sonora The state president _USR called the Sonorian students to carry out their registration, as they have until April 21st of this year to do so. _URL","#Sonora The govenor  _USR called the Sonorian students to carry out their registration, as they have until April 21st of this year to do so. _URL",False,
_USR Hola guapa y sexyü•µüî• mamasita y mi amor ‚ù§‚ù§‚ù§üòçüòç,_USR Hello beautiful and sexy mamasita and my love,_USR Hello beautiful and sexy mamasita and my love,False,
Y el d√≠a termin√≥... (@ Gasolineria) _URL,And the day ended... (@ Gasolineria) _URL,And the day ended... (@ Gasolineria) _URL,True,
_USR Mty NL viernes 11 de marzo 2022 _URL,_USR Mty NL Friday 11 March 2022 _URL,_USR Mty NL Friday 11 March 2022 _URL,True,
#Policiaca üöîUna pareja fue baleada mientras viajaba a bordo de un veh√≠culo.https://t.co/WBSPa0WGAh,#Poliiciaca A couple was shot while travelling on board a vehicle.https://t.co/WBSPa0WGAh,#Poliiciaca A couple was shot while travelling on board a vehicle.https://t.co/WBSPa0WGAh,True,"#Polic√≠a Un par de personas fue herido mientras viajaban en un veh√≠culo.https://t.co/WBSPa0WGAh"
"El Trabajo los Har√° Libres! Tanto que ese wey del fondo esta de rodillas, pfffff ya hab√≠a olvidado lo que era trabajar as√≠... en Centro Internacional de Exposiciones y Convenciones WTC _URL","The Work Will Make You Free! So much so that that wey from the bottom is on his knees, pfffff had already forgotten what it was like to work like this... at WTC International Exhibition and Convention Center _URL","The Work Will Make You Free! So much so that that jerk at the end is on his knees, pfffff had already forgotten what it was like to work like this... at WTC the International Exhibition and Convention Center _URL",False,
"üíéüëëü§§üá≤üáΩ‚ù£Ô∏è‚ú® Adrian Pacheco en Mexico City, Mexico _URL","Adrian Pacheco in Mexico City, Mexico _URL","Adrian Pacheco in Mexico City, Mexico _URL",True,
"@antonioaranda_: El pa√≠s se pudre y Tartufo @lopezobrador_  solo lloriquea, necesitamos un verdadero l√≠der.","@antonioaranda_: The country rots and Tartufo @lopezobrador_ just whine, we need a real leader.","@antonioaranda_: The country rots and Tartufo @lopezobrador_ just whines, we need a real leader.",False,
"Nuestro compromiso se ve reafirmado en las √°reas verdes, parques y escuelas, este es un primer paso, nuestro presidente _USR tiene claro su objetivo y en equipo con los ciudadanos s√© que lo lograremos mucho antes. ¬°Vamos corredor Chapala! #TlajomulcoEsTuyo. _URL","Our commitment is reaffirmed in the green areas, parks and schools, this is a first step, our president _USR is clear his goal and team with citizens I know that we will achieve it much sooner. Go corridor Chapala! #TlajomulcoEsTuyo. _URL","Our commitment is reaffirmed in the green areas, parks and schools, this is a first step, our president _USR has a clear goal and together in a team with citizens I know that we will achieve it much sooner. Let's go, Corredor Chapala! #TlajomulcoEsTuyo. _URL",False,"The new government has announced a new policy to reduce carbon emissions, this is a step in the right direction, but it is not enough, we need to take action"
"_USR ¬øQu√© no andamos en veda electoral? En la calle Nogal de la India, Pueblo Nuevo Alto en La Magdalena Contreras _URL","_USR What don't we walk in electoral ban? In Nogal Street of India, Pueblo Nuevo Alto in La Magdalena Contreras _URL","_USR Aren't we in an electoral ban? In Nogal Street of India, Pueblo Nuevo Alto in La Magdalena Contreras _URL",False,"No, no estamos en una prohibici√≥n electoral. En la calle Nogal de India, en Pueblo Nuevo Alto en La Magdalena Contreras."
La diosa Ixchel y las playas de #IslaMujeres bendicen tu matrimonio por toda la eternidad.ùóúùòÄùóπùóÆ ùó†ùòÇùó∑ùó≤ùóøùó≤ùòÄ ser√° la manera perfecta de comenzar su vida juntos. üíïüíç #turismoQroo,The goddess Ixchel and the beaches of #IslandWomen bless your marriage for all eternity.Island Women will be the perfect way to start your life together.,The goddess Ixchel and the beaches of #Isla Mujeres bless your marriage for all eternity.Isla Mujeres  will be the perfect way to start your life together.,False,"La diosa Ixchel y las playas de #IslaMujeres bendecen tu matrimonio por toda eternidad. Isla Mujeres ser√° el lugar perfecto para comenzar tu vida juntos."
"Texto e im√°gen tomada de la p√°gina de Instagram de Volcanes de M√©xico y de otros lados El Monte FujiüåãüáØüáµ en Cabecera Municipal, Chimalhuac√°n _URL","Text and image taken from the Instagram page of Volcanes de M√©xico and from other sides El Monte Fuji in Cabecera Municipal, Chimalhuac√°n _URL","Text and image taken from the Instagram page of Volcanes de M√©xico and from other places El Monte Fuji in Japan, Municipal Government Seat, Chimalhuac√°n _URL",False,
"El viernes 10 de junio del 2022, el gobierno federal realiz√≥ el registro del programa federal de las Tandas del Bienestar. Donde vi a muchas y muchos guerrerenses anotarse para obtener un apoyo para su negocio. üíò _USR _URL","On Friday, June 10, 2022, the federal government registered the federal program of the Welfare Tandas. Where I saw many and many warriors sign up for support for their business.  _USR _URL","On Friday, June 10, 2022, the federal government registered the federal program Tandas del Bienestar. There I saw many and natives of Guerrero, men and women, sign up for support for their businesses. _USR _URL",False,"El lunes 10 de junio de 2022, el gobierno federal registr√≥ el programa federal Tandas del Bienestar. All√≠ vi a muchos y a los ind√≠genas de Guerrero, hombres y mujeres, que se inscribieron para apoyar sus negocios."
"¬øY qu√© onda con _USR Monclova? La misma encargada para ambas sucursales (VIP y tradicional). Me comentan ‚Äúes recomendable indicarle al personal para hacer el llamado‚Äù‚Ä¶ pues no tienen ni personal, una sola chica atendiendo cajas (obvio no es culpa de ellas). P√©simo.","And what about _USR Monclova? The same manager for both branches (VIP and traditional). They tell me ‚Äúit is advisable to tell the staff to make the call‚Äù... because they have no staff, only one girl serving boxes (obvious is not their fault).","And what about _USR Monclova? The same manager for both branches (VIP and traditional). They tell me ‚Äúit is advisable to tell the staff to make the call‚Äù... because they have no staff, only one girl serving at the cash register (obviously is not their fault).",False,"Y qu√© sobre _USR Monclova? El mismo gerente para ambas ramas (VIP y tradicional). Les dice ‚Äúes recomendable que les diga a los empleados hacer el llamado‚Äù‚Ä¶ porque no tienen personal, solo una chica sirviendo en la cajera (obviamente no es su culpa)."
@TINY_TARO yo me estoy cagando de fr√≠o,@TINY_TARO I'm shitting myself cold,I'm freezing my ass off,False,
"_USR Y sigue igual, lleno de baches y socavones!","And still the same, full of potholes and socavones!","And it's still the same, full of potholes and sinkholes!",False,
_USR Buen camino üö¥üèª‚Äç‚ôÇÔ∏è comparte las fotos y tus experiencias üëçüèª #MejorEnBici,_USR Good way  shares photos and your experiences  #BestEnBici,_USR Safe travels share your pics and experiences #MejorEnBici,False,"Here's a breakdown of the translation:tr* _USR_ is a shortened form of ""United States of America"".* _Safe travels_ is a common English phrase used to wish someone a safe journey.* _Share your pics and experiences_ is a polite way to ask someone to share their photos and stories about their trip.* _#MejorEnBici_ is a hashtag that means ""Better on Bikes"" in English. It's a popular"
