spanish_tweet,generated_english,corrected_english,is_correct,predicted_spanish
@Lauritatimida81 @TERESADINAMICAS Besos!!,@Lauritatimida81 @TERESADINAMICAS Kisses!!,@Lauritatimida81 @TERESADINAMICAS Kisses!!,True,@Lauritatimida81 @TERESADINAMICAS Kisses!!
"Visita a la Sec. Diurna #130 en la Col. Ajusco, en donde escuchamos las necesidades de la misma y Canalizamos la atenci√≥n necesaria a las √Åreas correspondientes. Para el mejoramiento de la escuela. #TuConcejalaTeEscucha #Coyoac√°nEst√°Contigo _URL","Visit to Sec. Diurna #130 at Col. Ajusco, where we listen to the needs of the same and channel the necessary attention to the corresponding areas. For the improvement of the school. #TuConcejalaListen #Coyoac√°nIt is with you _URL","Visited Sec. Diurna #130 at Col. Ajusco, where we listened to the needs of the school and directed the necessary attention to the corresponding areas. For the improvement of your school. #TuConcejalaTeEscucha #Coyoac√°nEst√°Contigo _URL",False,"Visited Sec. Diurna #130 at Col. Ajusco, where we went to the needs of the school and directed the necessary attention to the competeng areas. For the improvement of your school. #TuConcejalaTeEscucha #Coyoac√°nEst√°Contigo URL"
#SalarioRosaEdomex es un gran apoyo para las mujeres mexicanas,#SalarioRosaEdomex is a great support for Mexican women,#SalarioRosaEdomex is a great support for Mexican women,True,#SalarioRosaEdomex es un gran apoyo para mujeres mexicanas.
Recuerdo lo que vivi√≥ Colombia con Pablo Escobar Todo llega a su fin y Sinaloa no es excepci√≥n !,I remember what Colombia lived with Pablo Escobar Everything comes to an end and Sinaloa is no exception !,I remember what Colombia went through with Pablo Escobar Everything comes to an end and Sinaloa is no exception !,False,Me acuerdo de lo que Colombia pas√≥ con Pablo Escobar Todo llega a su fin y Sinaloa no es una excepci√≥n!
"@Indie5051: Se cumple 1 hora del estreno de Interstellar, una de las mejores pel√≠culas de la historia https://t.co/u7dktasMs3","@Indie5051: 1 hour after the premiere of Interstellar, one of the best films in history https://t.co/u7dktasMs3","@Indie5051: It's been an hour since E108+E109the premiere of Interstellar, one of the best films in history https://t.co/u7dktasMs3",False,"@Indie5051: Ha sido una hora desde E108+E109 la premiere de Interstellar, una de las mejores pel√≠culas de la historia https://t.co/u7dktasMs3"
"I'm at Cabanna Restaurant - _USR in Miguel Hidalgo, Mexico, Distrito Federal _URL","I'm at Cabanna Restaurant - _USR in Miguel Hidalgo, Mexico, Distrito Federal _URL","I'm at Cabanna Restaurant - _USR in Miguel Hidalgo, Mexico, Distrito Federal _URL",True,"I'm at Cabanna Restaurant - USR in Miguel Hidalgo, Mexico, Distrito Federal URL"
_USR Saludos sin suministro de agua en la colonia ANZURES en Ju√°rez,_USR Greetings without water supply in the colony of ANZURES in Ju√°rez,_USR Greetings without water supply in the ANZURES neighborhood in Ju√°rez,False,USR Greetings without water supply in the ANZURES neighborhood in Ju√°rez.
"ü§© #Ba√±adores ya en _USR ‚û°Calle Matamoros 917, Barrio Antiguo #Monterrey üì±8117168513 #guadalajara #jalisco #cdmx #mexico #saltillo #Jockstraps #underwear #swimwear #gym #gdl #mty #jal #short #bikinis #thongs #brief #tanga #playera #gaymty #underwearmty #bikini #ba√±ador _URL","#Ba√±adores ya en _USR #Calle Matamoros 917, Old Town #Monterrey #8117168513 #guadalajara #jalisco #cdmx #mexico #jockstraps #underwear #swimwear #gym #gdl #mty #jal #short #bikinis #thongs #brief #tanga #player #gaymty #underwearmty #bikini #ba√±ador _URL","#Ba√±adores in _USR #Calle Matamoros 917, Barrio Antiguo #Monterrey 8117168513 #guadalajara #jalisco #cdmx #mexico #saltillo #Jockstraps #underwear #swimwear #gym #gdl #mty #jal #short #bikinis #thongs #brief #tanga #playera #gaymty #underwearmty #bikini #ba√±ador _URL",False,"#Ba√±adores in USR #Calle Matamoros 917, Barrio Antiguo #Monterrey 8117168513 #guadalajara #jalisco #cdmx #mexico #saltillo #Jockstraps #underwear #gym #gdl #mty #jal #short #bikinis #thongs #brief #tanga #playera #gaymty #bikini #ba√±ador URL"
@Papini74: Habr√≠a que ser muy ingenuo para no percatarse de que el supuesto plagio de la ministra @YasminEsquivel_ es un burdo montaje d‚Ä¶,@Papini74: You would have to be very naive not to realize that the supposed plagiarism of the minister @YasminEsquivel_ is a gross montage of...,@Papini74: You would have to be very naive not to realize that the supposed plagiarism of minister @YasminEsquivel_ is a gross setup by...,False,@Papini74: Tendr√©is que ser muy ingenuos no darse cuenta de que el supuesto cinismo del ministro @YasminEsquivel es una mer...
üö£‚Äç‚ôÄÔ∏è en Playa Mamitas Qroo _URL,in Playa Mamitas Qroo _URL,at Playa Mamitas Qroo _URL,False,At Playa Mamitas Qroo URL
Pronto muy pronto regreso a #Presenciales en PIB Sat√©lite _URL,Soon I will return to #Presentials in Satellite GDP _URL,Soon very soon I will return to #Presentials in Satellite GDP _URL,False,Muy pronto volver√© a #Presentials in Satellite GDP URL
C√≥mo Celebrar un cumplea√±os sorpresa? CEL 55 16 54 32 30 Payasos _URL #ComoCelebrarUnCumplea√±osSorpresa _URL,How to Celebrate a Surprise Birthday? CEL 55 16 54 32 30 Clowns _URL #How to CelebrateA BirthdaySurprise _URL,How to Celebrate a Surprise Birthday Party ? CELL 55 16 54 32 30 Clowns _URL #ComoCelebrarUnCumplea√±osSorpresa _URL,False,Thank you to Celebrate a Surprise Birthday Party? CELL 55 16 54 32 30 Clowns URL #ComoCelebrarUnCumplea√±osSorpresa URL
"I'm at La Caba√±a Del Borrego Nueva Suc in Zacatecas, ZAC _URL","I'm at La Caba√±a Del Borrego Nueva Suc in Zacatecas, ZAC _URL","I'm at La Caba√±a Del Borrego Nueva Suc in Zacatecas, ZAC _URL",True,"I'm at La Caba√±a Del Borrego Nueva Suc in Zacatecas, ZAC URL"
_USR Puebla??!! Violento??? Ve estad√≠sticas y posicionamiento! Estas mintiendo,_USR Puebla??!! Violent???? See statistics and positioning! You are lying,_USR Puebla??!! Violent???? See statistics and positioning! You are lying,True,USR Puebla?!!! Violent!!!?
"_USR jaja hasta por tu foto de perfil se te nota que no lo conoces‚Ä¶ los bur√≥cratas normalmente no trabajan, y menos despu√©s de las 3 de la tarde!!! Y menos si juegan las _USR","_USR haja even for your profile photo you notice that you don't know him... bureaucrats usually don't work, and less after 3 o'clock in the afternoon!!! And less if they play the _USR","_USR Ha ja  even for your profile photo you notice that you don't know him... bureaucrats usually don't work,  after 3 o'clock in the afternoon!!! And less if they play the _USR",False,"USR If you are for your profile photo you spend that you don't know that you don't know that you don't know that you don't know that you don't know that you don't know that you don't know that you don't know that you don't know that you don't know it, after 3 o'clock in the af"
Huele bn ojete mi septum üò©,Smells like my septum,My septum smells like shit,False,I stayed at my septum smells like shit.
"Buenos d√≠as!!! desde Hidalgo del Parral, Chihi. Venga!!! _URL","Good morning!!! from Hidalgo del Parral, Chihi. Come on!!! _URL","Good morning!!! from Hidalgo del Parral, Chihi. Come on!!! _URL",True,"Good morning!!! from Hidalgo del Parral, Chihi. Come on!!! URL"
H√°gale un favor a los veracruzanos y al gobernador _USR ¬°renuncie! dijo la diputada Citlali Medell√≠n Careaga a _USR titular de la _USR en su comparecencia en la _USR,Do the Veracruzans and the Governor a favor _USR Resign! said Deputy Citlali Medell√≠n Careaga to _USR holder of the _USR in his appearance at the _USR,Do a favor to the Governor and the people of Veracruz  Veracruzans and the Gove _USR Resign! said the legislator  Citlali Medell√≠n Careaga to _USR holder of the _USR in his appearance at the _USR,False,"¬°Aproveche al Gobernador y al pueblo de Veracruz Veracruzans y al Gove USR Resign!, dijo el diputado Citlali Medell√≠n Careaga a USR titular de la USR en su aparici√≥n en el USR."
_USR La cosa es que siempre hay unos m√°s iguales que otros.,_USR The thing is that there are always some more equal than others.,_USR The thing is that there are always some more the same as others.,False,USR Lo que pasa es que siempre hay algo igual que otros.
"El ""experto"" en econom√≠a, que hasta casi hace maestr√≠a y doctorado con 14 a√±os de f√≥sil en la #UNAM ...","The ""expert"" in economics, who even almost does master's and Ph.D. with 14 years of fossil at #UNAM ...","The ""expert"" in economics, who almost obtained a master's and Ph.D. with 14 years of of being a student  at #UNAM ...",False,"The ""expert"" in economics, who almost obtained a master's and Ph.D. with 14 years of being a student at #UNAM..."
@TheWitcherSardi: Feliz a√±o! ü•≥ https://t.co/bQnNdfh0M8,@TheWitcherSardi: Happy New Year!  https://t.co/bQnNdfh0M8,@TheWitcherSardi: Happy New Year!  https://t.co/bQnNdfh0M8,True,@TheWitcherSardi: Happy New Year! https://t.co/bQnNdfh0M8
"Haber con q m salen hoy (@ ISSSTE Narvarte in Mexico City, Distrito Federal) _URL","Have with q m come out today (@ ISSSTE Narvarte in Mexico City, Federal District) _URL","Lets see with what they come out today (@ ISSSTE Narvarte in Mexico City, Federal District) _URL",False,"D√©jese llevar por lo que vienen hoy (@ ISSSTE Narvarte in Mexico City, Distrito Federal) URL"
"Acaba de publicar una foto en Municipio de El Mante, Tamaulipas, Mexico _URL","Just published a photo in Municipality of El Mante, Tamaulipas, Mexico _URL","Just posted a photo in Municipality of El Mante, Tamaulipas, Mexico _URL",False,"This is a good photo in Municipality of El Mante, Tamaulipas, Mexico URL"
_USR Todav√≠a no se inventaba la c√°mara en ese tiempo o que? Porque yo nomas veo que del 2011 para ac√°,_USR Still wasn't making up the camera at that time or what? Because I just see that from 2011 to here,_USR Still at this time the camera the camera had not been invented or what? Because I just see that from 2011 to now,False,"USR A√∫n en este momento la c√°mara no ha sido inventada o qu√©, porque s√≥lo veo que desde 2011 hasta ahora."
_USR No mas fueta traidores al pueblo c√≠nicos mentirosos miserables buitres corruptos traidores rateros etc. Ni un voto mas ü§ë,_USR No more traitors to the people cynical miserable liars corrupt vultures traitors thieves etc. Not a vote more,_USR No more traitors to the people cynical miserable liars corrupt vultures traitors thieves etc. Not a vote more,True,USR No more traitors to the people cynical miserable liars corrupt vultures vultures traitors thieves etc. Not a vote more traitors.
_USR felicidades üéäüéâüéà que tengas lindo d√≠a y gran a√±o!!! Dios te siga bendiciendo y prosperando‚Ä¶ saludos desde Guadalajara‚Ä¶ Salmo:23,Happy birthday to you that you have a beautiful day and a great year!!! God continue to bless and prosper you... greetings from Guadalajara... Psalm 23,Happy birthday to you that you have a beautiful day and a great year!!! May god continue to bless and make you prosper... greetings from Guadalajara... Psalm 23,False,¬°Feliz cumplea√±os a ti que tienes un hermoso d a y un gran a o!!! May god continue to beautiful day and great year!!! greetings from Guadalajara... Psalm 23
@vanolalde: no te vas a despedir?,@vanolalde: aren't you going to say goodbye?,@vanolalde: aren't you going to say goodbye?,True,@vanolalde: ¬øNo vas a decir bien?
"üåπüåπüåπüåπüåπüåπ #XimenaCardenas en Mexico City, Mexico _URL","#XimenaCardenas in Mexico City, Mexico _URL","#XimenaCardenas in Mexico City, Mexico _URL",True,"#XimenaCardenas in Mexico City, Mexico URL"
"3.1 magnitude #earthquake. 2 km from Ejido Saltillo, #BajaCalifornia, Mexico _URL","3.1 magnitude #earthquake. 2 km from Ejido Saltillo, #BajaCalifornia, Mexico _URL","3.1 magnitude #earthquake. 2 km from Ejido Saltillo, #BajaCalifornia, Mexico _URL",True,"2 km from Ejido Saltillo, #BajaCalifornia, Mexico URL"
@ItzelSa92546547 Yo te doy la que quieras,@ItzelSa92546547 I give you whatever you want,@ItzelSa92546547 I give you whatever you want,True,@ItzelSa92546547 Te doy lo que quieras.
"Desde Veracruz M√©xico le mando un abrazo a ... Dirigentes,cuerpo t√©cnico, jugadores e hinchas _USR por su 77 aniversario #felicidadestricolor","From Veracruz Mexico I send a hug to ... Leaders, technical body, players and fans _USR for its 77th anniversary #congratstricolor","From Veracruz Mexico I send a hug to ... Leaders, technical body, players and fans _USR for its 77th anniversary #congratstricolor",True,"From Veracruz Mexico I think to... Leaders, technical body, players and fans USR for its 77th anniversary #congratstricolor."
"#VacunaCOVID19 #Mendoza #Veracruz 13, 14 y 15. Vacunas pa la juventud en extasis. Cualquier hora y cualquier sede. Como gusten donde gusten pero v√°yanse a vacunarrrrrrrr por favor. _URL","#VacunaCOVID19 #Mendoza #Veracruz 13, 14 and 15. Vaccines for youth in ecstasy. Any time and any venue. As you like but go to vaccinarrrrrr please. _URL","#VacunaCOVID19 #Mendoza #Veracruz 13, 14 and 15. Vaccines for youth in ecstasy. Any time and any venue. As you like, wherever you like it but please go and get vacccccccinated. _URL",False,"#VacunaCOVID19 #Mendoza #Veracruz 13, 14 and 15. Vacunas for youth in ecstasy. Any time and any venue. As you like, where you go and get vacccccccinated. URL"
Qu√© r√°pido est√°n destruyendo al Conacyt. Para eso s√≠ son bien eficientes.,How quickly they're destroying Conacyt.,How quickly they're destroying the CONACyT.  There are very efficient doing that,False,They're going to the CONACyT and there are very efficient doing that they're going to the CONACyT.
La morrita dl _USR bien enviDIOSA. üòòüî•üíñüéÄüéÄüíúüíìüíóüíòüå∫üå∏ü¶Åü¶Åü¶Åü¶ÅüíãüéÄüéÄ #SiMeLaChingo,La morita dl _USR bien enviDIOSA.  #SiMeLaChingo,The dl _USR girl super GODDESS. #SiMeLaChingo,False,The dl USR girl super GODDESS. #SiMeLaChingo
_USR Se ve que no le saben a sus propios negocios que una pinchurrienta ciclov√≠a les va a arruinar el ‚Äúnegocio‚Äù de a√±os jaja payasos ü§°,_USR It can be seen that they do not know to their own businesses that a pinchurrienta cyclevia will ruin to them the ‚Äúbusiness‚Äù of years long clowns,"_USR It's obvious that they do not know their own businesses. To think that a third-rate bikeway will ruin the ‚Äúbusiness‚Äù they've had for year. Ha, ha, clowns",False,USR Es obvio que no conocen sus propios negocios.
"""CADA MOMENTO ES ESPECIAL PARA QUIEN TIENE LA VISI√ìN DE RECONOCERLO COMO TAL."" HENRY MILLER. ... #bacalarquintanaroo #naturaleza #enfamilia #recuerdos en Bacalar Quintana Roo. M√©xico _URL","""CADA MOMENTO IS SPECIAL FOR WHO HAS THE VISION OF RECOGNIZING IT AS SO."" HENRY MILLER. ... #bacalarquintanaroo #nature #family #remembers in Bacalar Quintana Roo. Mexico _URL","""EACH MOMENT IS SPECIAL FOR WHOM HAS THE VISION OF RECOGNIZING IT AS SO."" HENRY MILLER. ... #bacalarquintanaroo #naturaleza #enfamilia #recuerdos in Bacalar Quintana Roo. Mexico _URL",False,"""EACH MOMENT is SPECIAL for WHOM HAS THE VISION OF RECOGNIZING IT AS SO."" HENRY MILLER.... #bacalarquintanaroo #naturaleza #enfamilia #recuerdos in Bacalar Quintana Roo. Mexico URL"
Suele pasar... #memesinmobiliriarios #bienesraices #bienvenidoatunuevohogar _URL,It happens... #memesinmobiliarios #goods roots #welcome to your new home _URL,It usually happens... #memesinmobiliriarios #bienesraices #bienvenidoatunuevohogar _URL,False,URL #memesinmobiliriarios #bienesraices #bienvenidoatunuevohogar URL
_USR Naaaah! Nadie nos obliga a hacerlo... üòèüòèüòí,USR Naaaah! No one forces us to do it...,USR Naaaah! No one forces us to do it...,True,USR No one forces to do it...
#SalarioRosaEstaContigo para continuar apoyando econ√≥micamente a m√°s amas de casa mexiquenses por su gran labor y ayuda a sus familiares y lograr lo que se propongan.,#RosaSalaryThisWith you to continue supporting economically more Mexican housewives for their great work and help their families and achieve what they propose.,"#SalarioRosaEstaContigo to continue giving financial support to more housewives from the State of Mexico for their great work and for helping their families, and for achieving what they set out to do.",False,"#SalarioRosaEstaContigo para continuar dando apoyo financiero a m√°s familias del Estado de M√©xico por su gran trabajo y por ayudar a sus familias, y por lograr lo que ellos mismos hicieron."
_USR .... Comandante.... entonces...el Mejor portero que ha tenido Rayados le meti√≥ gol el Peor delantero que ha tenido Rayados.....,USR .... Commander ..... then ... the best goalkeeper that has had Rayados scored him the worst strike that has had Rayados .....,_USR .... Commander ..... then ... the best goalkeeper Rayados has was scored on by the worst striker Rayados has had .....,False,USR.... Commander..... then... the best goalkeeper Rayados has was scored on by the worst striker Rayados had.....
_USR Cabrooon‚ÄºÔ∏è d√≥nde est√°s en Groelandia?,Where are you in Groeland?,_USR Bastard  Where are you in Greeland?,False,USR Bastard Where are you in Greeland?
"@luisestrada_: Despu√©s del torpe y pobre manejo de crisis, si los ministros se la compran, la corte y la universidad nacional pierden to‚Ä¶","@luisestrada_: After the clumsy and poor crisis management, if the ministers buy it, the court and the national university lose their...","@luisestrada_: After the clumsy and poor crisis management, if the ministers buy it, the court and the national university lose to...",False,"@luisestrada: Despu√©s de la gesti√≥n de la crisis, si los ministros lo compran, la Corte y la universidad nacional pierden..."
"Restaurante El Chapulim ü¶ó, Holbox, M√©xico. üá≤üáΩ en Holbox, Quintana Roo, Mexico _URL","El Chapulim Restaurant , Holbox, Mexico.  in Holbox, Quintana Roo, Mexico _URL","El Chapulim Restaurant , Holbox, Mexico.  in Holbox, Quintana Roo, Mexico _URL",True,"Chapulim Restaurant, Holbox, Mexico. in Holbox, Quintana Roo, Mexico URL"
Vamos a la Feria de Puebla para comer cosas √±eras!! No s√© t√∫ pi√©nsalo _USR,Let's go to the Puebla Fair to eat things √±eras!! I don't know you think about it _USR,Let's go to the Puebla Fair to eat cool stuff!! I don't know you think about it _USR,False,Vayamos a la Feria de Puebla para comer cosas frescas!! No s√© si usted piensa en USR.
#LigaMXFemenil #Clausura2022 ‚è±Ô∏è Marcador al 20' #GallosFemenil 0-0 #PachucaFemenil,#LigaMXFemenil #Clausura2022  20' marker #GallosFemenil 0-0 #PachucaFemenil,#LigaMXFemenil #Clausura2022 Score at the 20' marker #GallosFemenil 0-0 #PachucaFemenil,False,#LigaMXFemenil #Clausura2022 Score at the 20' marker #GallosFemenil 0-0 #PachucaFemenil.
_USR Algo sigue pendiente #3deMayoNoSeOlvida #Linea12NoSeOlvida,_USR Something's Still Pending #3MayDon't Forget #Line12Don't Forget,_USR Something's Still Pending #3deMayoNoSeOlvida #Linea12NoSeOlvida,False,USR Something's Still Pending #2deMayoNoSeOlvida #Linea12NoSeOlvida
"#Canc√∫n #M√©xico #Travel #Vacations #Strolling #Visiting #Me #MovingForward #KeepGettingBetter en Canc√∫n, Quintana Roo _URL","#Canc√∫n #Mexico #Travel #Vacations #Strolling #Visiting #Me #MovingForward #KeepGettingBetter in Cancun, Quintana Roo _URL","#Canc√∫n #Mexico #Travel #Vacations #Strolling #Visiting #Me #MovingForward #KeepGettingBetter in Cancun, Quintana Roo _URL",True,"#Canc√∫n #Mexico #Travel #Vacations #Strolling #Visiting #Me #MovingForward #KeepGettingBetter in Cancun, Quintana Roo URL"
Ayuntamiento de Aguascalientes concluy√≥ rehabilitaci√≥n en H√©roe de Nacozari Norte - _URL _USR #Aguascalientes #LaCiudadDeTuVida _URL,Aguascalientes City Council completed rehabilitation in North Nacozari Hero - _URL _USR #Aguascalientes #LaCityDeTuVida _URL,Aguascalientes City Council completed  the rehabilitation in Heroe de Nacozari Norte - _URL _USR #Aguascalientes #LaCiudadDeTuVida _URL,False,Heroe de Nacozari Norte - URL USR #Aguascalientes #LaCiudadDeTuVida URL
Soy #bestial _USR en Chapultepec Guadalajara _URL,I am #bestial _USR in Chapultepec Guadalajara _URL,I am #bestial _USR in Chapultepec Guadalajara _URL,True,I am #bestial USR in Chapultepec Guadalajara URL
_USR Denunciamos al Gobierno de la CDMX y a la SSCCDMX ante la CNDH por negarse a cumplir con su obligaci√≥n de garantizar seguridad a los ciudadanos,_USR We denounce the Government of the CDMX and the SSCCDMX to the CNDH for refusing to comply with their obligation to guarantee security for citizens,_USR We denounce the Government of the CDMX and the SSCCDMX to the CNDH for refusing to comply with their obligation to guarantee security for citizens,False,USR Denunciamos al Gobierno de la Ciudad de M√©xico y al SSCCDMX al CNDH por negarse a cumplir con su obligaci√≥n de garantizar la seguridad de los ciudadanos.
"Luce tus u√±as con los colores que prefieras. #BIssuCholula #u√±as #bissuu√±as #barnizbissu #Tonosbarniz #u√±asbonitas #u√±aspuebla #bissucosmetics en Cholula De Riva Dabia, Puebla, Mexico _URL","Light your nails in the colors you prefer. #BIssuCholula # Nails #Bissuilas #barnizbissu #Tonosbarniz # Nailsbonitas # Nailsspuebla #bissucosmetics in Cholula De Riva Dhabi, Puebla, Mexico _URL","Show off your nails in the colors you prefer. #BIssuCholula #u√±as #bissuu√±as #barnizbissu #Tonosbarniz #u√±asbonitas #u√±aspuebla #bissucosmetics in Cholula De Riva Dabia, Puebla, Mexico _URL",False,"D√©janos tus u√±as en los colores que prefieras. #BIssuCholula #u√±as #bissuu√±as #barnizbissu #Tonosbarniz #u√±asbonitas #u√±aspuebla #bissucosmetics in Cholula De Riva Dabia, Puebla, Mexico URL"
_USR Hola guapa bonita y gusta fotos y sexyüëôü•µü•µüî•üî• mamasita mi amor üòç‚ù§‚ù§‚ù§‚ù§‚ù§,_USR Hello pretty pretty and like pictures and sexy mamasita my love,_USR Hello pretty pretty and like pictures and sexy mamasita my love,True,USR Hello pretty good and like pictures and sexy mamasita my love.
"El Estado de Jalisco, tiene m√°s de 16 mil desaparecidxs, d√≠a a d√≠a, hay tiroteos entre grupos armados. Jalisco es un Estado sin ley.","The state of Jalisco, has more than 16,000 disappearances, day by day, there are shootings between armed groups. Jalisco is a state without law.","In the state of Jalisco, there are more than 16,000 missing persons, every day, there are shootings among armed groups. Jalisco is a lawless state.",False,"En el estado de Jalisco, hay m√°s de 16.000 personas desaparecidas, cada d√≠a hay disparos entre grupos armados. Jalisco es un estado sin fines de lucro."
#lamolehorroredition #cosplay #nikon en WTC M√©xico _URL,#lamolehorroredition #cosplay #nikon at WTC Mexico _URL,#lamolehorroredition #cosplay #nikon at WTC Mexico _URL,True,#lamolehorroredition #cosplay #nikon at WTC Mexico URL
Holii ! Andamos querend√≥nas üòèüî•üíãüí¶ _URL,Holii ! We go kerosene  _URL,Holii ! We feel sexy  _URL,False,! We feel sexy URL
#AotoempleoEdoMex que bueno que exista este programa para la ayuda de las familias mexiquenses,#AotoEmploymentEdoMex is good that there is this program for the help of Mexican families,#AotoEmploymentEdoMex is good that there is this program for the help of  families of the state of Mexico.,False,#AotoEmploymentEdoMex es bueno que exista este programa para ayudar a las familias del estado de M√©xico.
Mujeres y hombres construyendo la transformaci√≥n en Sonora. Coordinando esfuerzos avanzamos m√°s. #TierraDeOportunidades _USR _USR _USR,Women and men building transformation in Sonora. Coordinating efforts we advance further. #LandOpportunities _USR _USR _USR,Women and men leading the transformation in Sonora. Coordinating efforts we advance further. #LandOpportunities _USR _USR _USR,False,Women and men leading the transformation in Sonora. Coordinating efforts we advance further. #LandOpportunities USR USR USR
_USR YA ESTAN EN EL LICIUM!!LOS PRIANISTASMC,USR  IN THE LICIUM!! PRIANISTSMC,USR  THEY ARE ALREADY IN THE LICIUM!! PRIANISTSMC,False,USR THEY ARE ALREADY IN THE LICIUM!! PRIANISTSMC.
"@YasminEsquivel_: Que el nuevo a√±o traiga consigo, plenitud en lo mejor de la vida, para todas y todos quienes compartimos este gran hog‚Ä¶","@YasminEsquivel_: May the new year bring with it fullness in the best of life, for all of us who share this great hog...","@YasminEsquivel_: May the new year bring you fullness in  the best of life, for all of us who share this great hog...",False,"@YasminEsquivel: May the new year will be fullness in the best of life, for all of us who share this great hog..."
_USR C√≥mo su antepasado su Alteza seren√≠sima!,"How did your ancestor, Your Serene Highness!","Like your ancestor, Your Serene Highness!",False,"If you an ancestor, Your Serene Highness!"
"Echando bataca para el v√≠deo de _USR feat _USR . . . . #cumbia #yosoyasi #tornillovazquez #newmotionmedia #casagroovie #hiphopmexicano #rap #newvideos #newvideosoon en Guadalajara, Jalisco _URL","Throwing bataca for the video of _USR feat _USR . . . . . . cumbia #yosoyasi #tornillovazquez #newmotionmedia #casagroovie #hiphopmexicano #rap #newvideos #newvideoosoon in Guadalajara, Jalisco _URL","Throwing a fit  for the video of _USR feat _USR . . . . . . #cumbia #yosoyasi #tornillovazquez #newmotionmedia #casagroovie #hiphopmexicano #rap #newvideos #newvideoosoon in Guadalajara, Jalisco _URL",False,"Throwing a fit for the video of USR feat USR....... #cumbia #yosoyasi #tornillovazquez #newmotionmedia #casagroovie #hiphopmexicano #rap #newvideos #newvideoosoon in Guadalajara, Jalisco URL"
"Que gusto compartir el momento con grandes amigos y cleebtamdo el amor de los babies en San Miguel de Allende, Guanajuato _URL","What a pleasure to share the moment with great friends and cleebtamdo the love of the babes in San Miguel de Allende, Guanajuato _URL","What a pleasure to share the moment with great friends and celebrating the love of the babes in San Miguel de Allende, Guanajuato _URL",False,"What a pleasure to share the moment with great friends and celebrating the love of the babes in San Miguel de Allende, Guanajuato URL"
"Hola amigos, har√© env√≠os a partir de 4 piezas en adelante info whasapp 961 322 8176","Hello friends, I will make shipments from 4 pieces onwards info whasapp 961 322 8176","Hello friends, I will make shipments from 4 pieces onwards info in whasapp 961 322 8176",False,"Hello amigos, I will make shipments from 4 pieces onwards info in whasapp 961 322 8176."
_USR Solo esp√©rate a que lleguen al porcentaje deseado de v4cun4dos y luego vemos...ü§Æ,_USR Just wait for them to reach the desired percentage of v4cun4dos and then see...,_USR Just wait for them to reach the desired percentage of vaccinated people and then we'll see...,False,USR There wasn't asked for them to reach the percentage of vacunated people and then we'll see...
"_USR una mujer plagia una tesis, y uds arguyen violencia de g√©nero. Que l√°stima. As√≠ estar√°n + de su gremio.","A woman plagiarizes a thesis, and you argue gender violence. What a pity. That's the position of  most in your association.","A woman plagiarizes a thesis, and you argue gender violence. What a pity. That's the position of  most in your association.",False,"A woman plagiarizes a tesis, and you argue gender violence. That's the position of most in your association."
#cultura #charra #jalisco #tequila #amazing #museum #selfie #thebeardedhomo en Centro Cultural Juan Beckmann Gallardo _URL,#culture #charra #jalisco #tequila #amazing #museum #selfie #thebeardedhomo at Juan Beckmann Gallardo Cultural Center _URL,#cultura #charra #jalisco #tequila #amazing #museum #selfie #thebeardedhomo at Centro Cultural Juan Beckmann Gallardo _URL,False,#cultura #charra #jalisco #tequila #amazing #museum #selfie #thebeardedhomo at Centro Cultural Juan Beckmann Gallardo URL
"Justo lo que el Santos fue casi todo el torneo, una caricatura de equipo üòí","Just what the Santos was almost the whole tournament, a cartoon team","Just what Santos was almost the whole tournament, a cartoon team",False,"Lo que Santos era casi todo el torneo, un equipo de caricaturas."
"¬°D√≠a de la juventud! Desde la _USR nos sumamos a este d√≠a, porque los j√≥venes somos el futuro y el motor que har√° rodar el mundo üåé La tarea siempre ha sido y ser√° que los j√≥venes no solo le hablen al gobierno, sino que sean gobierno. #SomosRedPol√≠ticosChihipas","Youth Day! Since the _USR we join this day, because young people are the future and the engine that will make the world roll The task has always been and will be for young people not only to speak to the government, but to be government. #We areRedPoliticsChihipas","Youth Day! Since the _USR we join this day, because young people are the future and the engine that runs the world  The task has always been and will be for young people not only to speak to the government, but to be the government. #We areRedPoliticsChihipas",False,"We are RedPoliticsChihipas! The USR we join this day, because young people are the future and the motor that runs the world The task has always been and will be for young people not only to speak to the government, but to be the government. #We are RedPoliticsChihipas"
"#DiablosTwitteros que les parece mi nueva oficina, es la del nuevo Sports Bar que est√° apunto de abrir _USR te llevo a todo lugar y te muestro siempre orgulloso, vamos a levantarnos de este bache, los aficionados queremos verte campe√≥n üèÜüòà‚öΩüá¶üáπüèüÔ∏è _URL","#DamnTwitteros who look like my new office, it's the new Sports Bar that is about to open _USR I take you everywhere and I show you always proud, let's get up from this bump, the fans want to see you champion  _URL","#DiablosTwitteros What do you think of my new office, it's in the new Sports Bar that is about to open _USR I take you everywhere and I always show you proudly, we will recover from this slump, the fans want to see you as champions _URL",False,"#DiablosTwitteros Lo que piensas de mi nueva oficina, es en el nuevo Sports Bar que est√° a punto de abrir USR Te llevar√© por todas partes y siempre te mostrar√© orgulloso, nos recuperaremos de este alboroto, los fans quieren verte como campeones URL"
Vamos por un Amargoso #cafe para seguir con la traves√≠a de la Mazatl√°n Durango‚Ä¶ Animo al cuadro _URL,We go for a Amargoso #cafe to continue the crossing of the Mazatlan Durango... Encourage the picture _URL,"We go for an Amargoso #cafe to continue the journey on the Mazatlan Durango road... Come on, squad _URL",False,"We go for an Amargoso #cafe to continue the journey on the Mazatlan Durango road... Come on, squad URL"
#lluvia #SQUIRT #ANAL #BUKAKKE #GANGBANGHOTWIFE #DOBLEPENETRACION #GRATINDEMOLLETE #DEEPTHROAT #ESPOSAPUTITA 55 69 70 24 76 YO CONTESTO ü§ôüì±üíã‚ô†Ô∏èüêÇ _URL,#rain #SQUIRT #ANAL #BUKAKKE #GANGBANGHOTWIFE #DOBLEPENETRATION #GRATINDEMOLLETE #DEEPTHROAT #SPOSAPUTITA 55 69 70 24 76 I CONTESTO  _URL,#rain #SQUIRT #ANAL #BUKAKKE #GANGBANGHOTWIFE #DOBLEPENETRATION #GRATINDEMOLLETE #DEEPTHROAT #SPOSAPUTITA 55 69 70 24 76 I CONTESTO  _URL,True,#rain #SQUIRT #ANAL #BUKAKKE #GANGBANGHOTWIFE #DOBLEPENETRATION #GRATINDEMOLLETE #DEEPTHROAT #SPOSAPUTITA 55 69 70 24 76 I CONTESTO URL
"¬°No te lo pierdas, una noche de concierto, m√∫sica en vivo; lleno de esperanza! ¬°Te esperamos! #Nogales _URL","Don't miss it, a concert night, live music; full of hope! We wait for you! #Nogales _URL","Don't miss it, a concert night, live music; full of hope! We are waiting for you! #Nogales _URL",False,#Nogales URL #Nogales URL
_USR Una l√°stima lo de _USR merec√≠a mucho m√°s en Chivas...,_USR A pity that _USR deserved much more in Chivas...,_USR A pity what happened to _USR He deserved much more in Chivas‚Ä¶,False,USR Una l√°stima lo que le pas√≥ a USR Se merece mucho m√°s en Chivas...
"Qu√© te incluyan en una familia que no es la tuya, ¬°Vale oro! üôèüèΩ en La marquesa-Valle del Potrero _URL","Include you in a family that is not yours, it's worth gold!  in La marquesa-Valle del Potrero _URL","Being included in a family that is not yours, that's worth gold! in La marquesa-Valle del Potrero _URL",False,"It's included in a family that is not your, that's good room! in La marquesa-Valle del Potrero URL"
"Cae la tarde. El sol se ocultar√° en aproximadamente 1 hora, a las 8:04 pm M√°s detalles en _URL","Afternoon falls. The sun will be hidden in about 1 hour, at 8:04 pm More details in _URL","Evening falls. The sun will set in about 1 hour, at 8:04 pm More details in _URL",False,"Evening falls. The sun will set in about 1 hour, at 8:04 pm More details in URL"
#Migrantes se muestran irrespetuosos ante personal de _USR y del _USR que valoran su estado de salud en la central de autobuses de #Saltillo . _URL,#Migrants are disrespectful to staff of _USR and _USR who value their state of health at the #Saltillo bus station. _URL,#Migrants are disrespectful to staff of _USR and _USR who evalute e their health status at the #Saltillo central bus station. _URL,False,#El personal de USR y USR que evalidan su estado de salud en la estaci√≥n central de autobuses #Saltillo. URL
‚òÄÔ∏èü¶á . . . ¬°Una vampira al sol! üò± @ Ajusco Bosque _URL,. . . A vampire in the sun!  @ Ajusco Forest _URL,. . . A female vampire caching the sun! @ Ajusco Bosque _URL,False,.... A female vampire caching the sun! @ Ajusco Bosque URL
¬°Qu√© placer recibir a visitantes y amigos de üá®üáµ y redescubrir con ellos lugares emblem√°ticos! Uno de mis favoritos: el castillo de Chapultepec ü¶ó con sus vistas espectaculares sobre la gran urbe. ¬°Hermosa CDMX ‚ô•Ô∏è! _URL,What a pleasure to welcome visitors and friends of  and rediscover iconic places with them! One of my favourites: Chapultepec Castle  with its spectacular views over the great city. Beautiful CDMX ! _URL,What a pleasure to welcome visitors and friends of cp and rediscover emblematic places with them! One of my favourites: Chapultepec Castle  with its spectacular views over the great city. Beautiful CDMX ! _URL,False,What a pleasure to please visitors and friends of cp and rediscover emblematic places with them!
En emprendimiento Hablamos de lo que se hace; no de lo que se presume. _URL,In entrepreneurship We talk about what is done; not what is presumed. _URL,In entrepreneurship we talk about what is done; not what people boast about. _URL,False,"En el √°mbito empresarial hablamos de lo que se hace, no de lo que se presume. URL"
#SalarioRosaEstaContigo para apoyarte en lo que m√°s necesites.,#RosaSalaryIt's with you to lean on what you need most.,#SalarioRosa It's with you to support you on what you need most.,False,#SalarioRosa Es con ustedes para apoyarte en lo que necesitas.
"_USR por favor si vas a mandar correos electr√≥nicos incompletos. No mandes NADA! SOLO QUITAS EL TIEMPO SIN SENTIDO!!! En Tlaxcala hay tres complejos, no pude completar la encuesta que mandaste porque no est√° completa la informaci√≥n para responder adecuadamente ü§¨ _URL","_USR please if you are going to send incomplete emails. Don't send NOTHING! JUST TAKE YOUR TIME WITHOUT FEEL!!! In Tlaxcala there are three complexes, I couldn't complete the survey you sent because the information is not complete to respond properly  _URL","_USR please if you are going to send incomplete emails. Don't send ANYTHING! YOU JUST WAIST TIME WITHOUT SENSE!!! In Tlaxcala there are three complexes, I couldn't complete the survey you sent because the information is not complete to respond properly  _URL",False,"USR please if you are going to send incomplete emails, not send ANYTHING!!!"
"Me vale madres endeudarme bien cabron, el fin de semana voy a ver la final de vuelta sea en Leon o en Guadalajara","It's good for me moms to owe me well asshole, the weekend I'm going to see the finals back either in Leon or Guadalajara","I don't give a crap if a go into debt asshole , this weekend I'm going to see the finals either in Leon or Guadalajara",False,"I don't don't give a go into debt asshole, this weekend I'm going to see the finals either in Leon or Guadalajara."
_USR S√≠! Tentando a los pastores! üòÇüòÇüòÇ,USR Yes! Tempting the shepherds!,USR Yes! Tempting the shepherds!,True,USR ¬°S√≠! Emplazamiento de los pastores!
#DomingoDeGanarSeguidores üò± Prep√°rense porque ya se viene la #colaboracion con este rico chocolatito _USR un chico delicioso y #arrecho ü•µ.. #SUSCRIBETE a #onlyfans porque ya viene!! üëèüéâ Dale #RETWEEET si quieres ver #promos üòàüî• _USR üôèüíû #androshokool _URL,#SundayDeGanarFollowers  Get ready because you already come the #collaboration with this rich chocolate _USR a delicious guy and #right .. #SUSCRIBE to #onlyfans because it is coming!!  Dale #RETWEEET if you want to see #promos  _USR  #androshokool _URL,#DomingoDeGanarSeguidores Get ready because the #collaboration with this delicious little chocolate is coming soon _USR a delicious and #arrecho guy .. #SUSCRIBETE to #onlyfans because it is coming!! #RETWEEET if you want to see #promos _USR #androshokool _URL,False,#DomingoDeGanarSeguidores Preparese porque la #collaboration con este delicioso chocolate est√° llegando pronto USR a un delicioso y #arrecho guy.. #SUSCRIBETE to #onlyfans because it is come!! #RETWEEET if you want to see #promos USR #androshokool URL
"Hey CDMX el show de Chimalhuac√°n lo RE-UBICAMOS a una zona m√°s c√©ntrica y con espacio para estacionarse, ahora el show ser√° en una terraza sobre AV. REVOLUCI√ìN, est√° entre el metro Mixcoac y metro Barranca del Muerto, que dan 22 lugares _URL _URL","Hey CDMX the show of Chimalhuac√°n RE-UBICAMOS to a more central area and with space to park, now the show will be on a terrace on AV. REVOLUTION, is between the metro Mixcoac and metro Barranca del Muerto, which give 22 places _URL _URL","Hey CDMX we RELOCATED the show of Chimalhuac√°n to a more central area and with space to park, now the show will be on a terrace on AV. REVOLUCION, between the Mixcoac Metro Station and Barranca del Muerto Metro Statio, 22 spots are left _URL _URL",False,"If you're my Mexico we RELOCATED the show of Chimalhuac√°n to a more central area and with space to park, the show will be on a terrace on AV. REVOLUTION, between the Mixcoac Metro Station and Barranca of Muerto Metro Statio, 22 spots are left URL URL"
Acaba de publicar una foto en Zacatecas City _URL,Just posted a photo in Zacatecas City _URL,Just posted a photo in Zacatecas City _URL,True,This is a good photo in Zacatecas City URL
@AlvarezMaynez @GmoSheridan Gracias,@AlvarezMaynez @GmoSheridan Thank you,@AlvarezMaynez @GmoSheridan Thank you,True,@AlvarezMaynez @GmoSheridan Thank you.
"_USR Todo el novenario, hincado sobre fichas, o corcholatas como les dicen Uds, jaja!!!","_USR All the novenarius, piled up on chips, or corklatas as you say, ha ha!!!!","_USR All the people in the novenaries, kneeling up on metal bottlecaps, or corcholatas as they are called, ha ha!!!!",False,"USR All the people in the novenaries, kneeing on metal bottlecaps, or corcholatas as they are going!!!!"
"_USR Mis estimados asalariados del metro ü§£üòÅ vagon FN1096, exactamente a la altura de la ultima puerta (divisi√≥n con las damas) lado izquierdo direcci√≥n Pantitlan va haciendo corto circuito por debajo de la puerta... No mamen!!! Chequenlo porque se escucha bien culero.","_USR My estimated employees of the metro  camper FN1096, exactly at the height of the last door (division with the ladies) left side direction Pantitlan is making short circuit under the door... No mamen!!! Check it because you listen well cuero.","_USR My estimated employees of the metro train FN1096, exactly near the last door (the ladies section) left side in the direction of  Pantitlan is making short circuit under the door... No fucking way!!! Check it because you can hear it, it is very sacry .",False,"USR Mis estimados empleados del metro FN1096, exactamente al lado de la √∫ltima puerta (la de las damas) a la salida de Pantitlan est√° haciendo un circuito corto bajo la puerta... No fucking way!!! Check it because you can hear it, it is very sacry."
Con el amor de mi vida üòç en Pitahaya Redonda _URL,With the love of my life  in Pitahaya Redonda _URL,With the love of my life  in Pitahaya Redonda _URL,True,This is a good location in Pitahaya Redonda URL
"#Sonora| El mandatario estatal _USR llam√≥ a las y los estudiantes sonorenses a llevar a cabo su registro, ya que tienen hasta el 21 de abril del presente a√±o para hacerlo. _URL","#Sonora The state president _USR called the Sonorian students to carry out their registration, as they have until April 21st of this year to do so. _URL","#Sonora The govenor  _USR called the Sonorian students to carry out their registration, as they have until April 21st of this year to do so. _URL",False,"#Sonora The govenor USR govenor to the Sonorian students to cast their registration, as they have an April 21st of this year to do it. URL"
_USR Hola guapa y sexyü•µüî• mamasita y mi amor ‚ù§‚ù§‚ù§üòçüòç,_USR Hello beautiful and sexy mamasita and my love,_USR Hello beautiful and sexy mamasita and my love,False,USR Hello beautiful and sexy mamasita and my love.
Y el d√≠a termin√≥... (@ Gasolineria) _URL,And the day ended... (@ Gasolineria) _URL,And the day ended... (@ Gasolineria) _URL,True,Y el d a termin√≥... (@ Gasolineria) URL
_USR Mty NL viernes 11 de marzo 2022 _URL,_USR Mty NL Friday 11 March 2022 _URL,_USR Mty NL Friday 11 March 2022 _URL,True,USR Mty NL Friday 11 March 2022 URL
#Policiaca üöîUna pareja fue baleada mientras viajaba a bordo de un veh√≠culo.https://t.co/WBSPa0WGAh,#Poliiciaca A couple was shot while travelling on board a vehicle.https://t.co/WBSPa0WGAh,#Poliiciaca A couple was shot while travelling on board a vehicle.https://t.co/WBSPa0WGAh,True,#Policiaca Una pareja result√≥ muerta mientras viajaba a bordo de un veh√≠culo.https://t.co/WBSPa0WGAh
"El Trabajo los Har√° Libres! Tanto que ese wey del fondo esta de rodillas, pfffff ya hab√≠a olvidado lo que era trabajar as√≠... en Centro Internacional de Exposiciones y Convenciones WTC _URL","The Work Will Make You Free! So much so that that wey from the bottom is on his knees, pfffff had already forgotten what it was like to work like this... at WTC International Exhibition and Convention Center _URL","The Work Will Make You Free! So much so that that jerk at the end is on his knees, pfffff had already forgotten what it was like to work like this... at WTC the International Exhibition and Convention Center _URL",False,"The Work will Make You Free! So much so that that jerk at the end is on his knees, pfffff had already forgotten that it was like to work with this... at WTC the International Exhibition and Convention Center URL"
"üíéüëëü§§üá≤üáΩ‚ù£Ô∏è‚ú® Adrian Pacheco en Mexico City, Mexico _URL","Adrian Pacheco in Mexico City, Mexico _URL","Adrian Pacheco in Mexico City, Mexico _URL",True,"I think they're going to the city, Mexico URL"
"@antonioaranda_: El pa√≠s se pudre y Tartufo @lopezobrador_  solo lloriquea, necesitamos un verdadero l√≠der.","@antonioaranda_: The country rots and Tartufo @lopezobrador_ just whine, we need a real leader.","@antonioaranda_: The country rots and Tartufo @lopezobrador_ just whines, we need a real leader.",False,"@antonioaranda: The country rots and Tartufo @lopezobrador just whines, we need a real leader."
"Nuestro compromiso se ve reafirmado en las √°reas verdes, parques y escuelas, este es un primer paso, nuestro presidente _USR tiene claro su objetivo y en equipo con los ciudadanos s√© que lo lograremos mucho antes. ¬°Vamos corredor Chapala! #TlajomulcoEsTuyo. _URL","Our commitment is reaffirmed in the green areas, parks and schools, this is a first step, our president _USR is clear his goal and team with citizens I know that we will achieve it much sooner. Go corridor Chapala! #TlajomulcoEsTuyo. _URL","Our commitment is reaffirmed in the green areas, parks and schools, this is a first step, our president _USR has a clear goal and together in a team with citizens I know that we will achieve it much sooner. Let's go, Corredor Chapala! #TlajomulcoEsTuyo. _URL",False,#TlajomulcoEsTuyo. URL
"_USR ¬øQu√© no andamos en veda electoral? En la calle Nogal de la India, Pueblo Nuevo Alto en La Magdalena Contreras _URL","_USR What don't we walk in electoral ban? In Nogal Street of India, Pueblo Nuevo Alto in La Magdalena Contreras _URL","_USR Aren't we in an electoral ban? In Nogal Street of India, Pueblo Nuevo Alto in La Magdalena Contreras _URL",False,"USR I'm not annual ban't in an electoral ban't in Nogal Street of India, Pueblo Nuevo Alto in La Magdalena Contreras URL"
La diosa Ixchel y las playas de #IslaMujeres bendicen tu matrimonio por toda la eternidad.ùóúùòÄùóπùóÆ ùó†ùòÇùó∑ùó≤ùóøùó≤ùòÄ ser√° la manera perfecta de comenzar su vida juntos. üíïüíç #turismoQroo,The goddess Ixchel and the beaches of #IslandWomen bless your marriage for all eternity.Island Women will be the perfect way to start your life together.,The goddess Ixchel and the beaches of #Isla Mujeres bless your marriage for all eternity.Isla Mujeres  will be the perfect way to start your life together.,False,Ixchel and the beaches of #Isla Mujeres pleasant your room for all eternity.Isla Mujeres will be the perfect way to start your life together.
"Texto e im√°gen tomada de la p√°gina de Instagram de Volcanes de M√©xico y de otros lados El Monte FujiüåãüáØüáµ en Cabecera Municipal, Chimalhuac√°n _URL","Text and image taken from the Instagram page of Volcanes de M√©xico and from other sides El Monte Fuji in Cabecera Municipal, Chimalhuac√°n _URL","Text and image taken from the Instagram page of Volcanes de M√©xico and from other places El Monte Fuji in Japan, Municipal Government Seat, Chimalhuac√°n _URL",False,"This is an additional and image taking from the Flickr page of Volcanes de Mexico and from other places The Monte Fuji in Japan, Municipal Government Seat, Chimalhuac√°n URL"
"El viernes 10 de junio del 2022, el gobierno federal realiz√≥ el registro del programa federal de las Tandas del Bienestar. Donde vi a muchas y muchos guerrerenses anotarse para obtener un apoyo para su negocio. üíò _USR _URL","On Friday, June 10, 2022, the federal government registered the federal program of the Welfare Tandas. Where I saw many and many warriors sign up for support for their business.  _USR _URL","On Friday, June 10, 2022, the federal government registered the federal program Tandas del Bienestar. There I saw many and natives of Guerrero, men and women, sign up for support for their businesses. _USR _URL",False,"On Friday, June 10, 2022, the federal government registered the federal program Tandas of Bienestar. There I saw many and natives of Guerrero, men and who is sign up for their businesss. USR URL"
"¬øY qu√© onda con _USR Monclova? La misma encargada para ambas sucursales (VIP y tradicional). Me comentan ‚Äúes recomendable indicarle al personal para hacer el llamado‚Äù‚Ä¶ pues no tienen ni personal, una sola chica atendiendo cajas (obvio no es culpa de ellas). P√©simo.","And what about _USR Monclova? The same manager for both branches (VIP and traditional). They tell me ‚Äúit is advisable to tell the staff to make the call‚Äù... because they have no staff, only one girl serving boxes (obvious is not their fault).","And what about _USR Monclova? The same manager for both branches (VIP and traditional). They tell me ‚Äúit is advisable to tell the staff to make the call‚Äù... because they have no staff, only one girl serving at the cash register (obviously is not their fault).",False,"USR Monclova? The same manager for both branches (VIP and traditional) they didn't spend to tell the staff to make the call... because they have no service, only one girl serving at the cash register (obviously is not their fault)."
@TINY_TARO yo me estoy cagando de fr√≠o,@TINY_TARO I'm shitting myself cold,I'm freezing my ass off,False,I'm freezing my ass off.
"_USR Y sigue igual, lleno de baches y socavones!","And still the same, full of potholes and socavones!","And it's still the same, full of potholes and sinkholes!",False,"Y es lo mismo, lleno de potholes y sinkholes!"
_USR Buen camino üö¥üèª‚Äç‚ôÇÔ∏è comparte las fotos y tus experiencias üëçüèª #MejorEnBici,_USR Good way  shares photos and your experiences  #BestEnBici,_USR Safe travels share your pics and experiences #MejorEnBici,False,USR Safe travels share your pics and experiences #MejorEnBici.
